IUPAC Name,Traditional Name,Common Names,colour,SMILES,InChI,Folder,Molar mass,Formula,Lipinski's rule of five,Atom count,Heavy atom count,Asymmetric atom count,Rotatable bond count,Ring count,Aromatic ring count,FSP3,Hydrogen bond donor count,Hydrogen bond acceptor count,Formal charge,Topological polar surface area,Polarizability,Molar refractivity,HLB_x,logP_x,Van der Waals Volume (A^3),Van der Waals Surface Area (A^2),Solvent Accessible Surface Area (A^2),Topological Polar Surface Area (A^2),Minimum Projection Area (A^2),Maximum Projection Area (A^2),Minimum projection radius (A),Maximum projection radius (A),LogD at pH 7.4,Isoelectric Point Charge at pH 7.4,HLB_y,logP_y,Average Solubility (mg/ml),MATS1e,MATS1v,GATS1p,ATS6e,GATS1v,JGI4,SpMAD_B(s),SpPosA_B(p),SpMAD_B(m),J_Dz(Z),SM6_B(s),AAC,SIC0,SIC1,Mi,nDB,nCL,DLS_02,P_VSA_MR_3,P_VSA_i_4,C-026,P-117,B01[S-P],B03[C-S],BLTF96
"O,O-diethyl {[(4-oxo-3,4-dihydro-1,2,3-benzotriazin-3-yl)methyl]sulfanyl}phosphonothioate",azinphos-ethyl,athyl-gusathion; azinfos-ethyl; azinophos-ethyl; azinos; azinphos ethyl; azinphos-aethyl; azinphos-ethyl; azinphos-etile; azinugec E; bionex; caswell no. 344; cotnion-ethyl; crysthion; epa pesticide chemical code 058002; ethyl azinphos; ethyl gusathion; ethyl guthion; ethyl homolog of guthion; gusathion; gusathion A; gusathion A-M; gusathion H; gusathion H and K; gusathion K; gusathion K forte; gusation A; gutex; guthion (ethyl); sepizin L; triazotion,black,CCOP(=S)(OCC)SCN1N=NC2=CC=CC=C2C1=O,"InChI=1S/C12H16N3O3PS2/c1-3-17-19(20,18-4-2)21-9-15-12(16)10-7-5-6-8-11(10)13-14-15/h5-8H,3-4,9H2,1-2H3",calculation-result-20240129-224806,345.37,C12H16N3O3PS2,True,37,21,0,7,2,2,0.42,0,3,0,63.49,34.52,93.14,11.607,3.958,279.68,454.61,602.91,63.49,46.26,94.16,4.87,8.35,3.9584,0.0,11.607,3.958,0.0412,-0.0721821024505208,-0.014933275037108,0.968819908344592,4.28165463233425,0.950791989527785,0.040952380952381,1.73159577459748,1.29235927353037,1.51542740035108,3.1764945894306,12.2609448894929,2.00595809500785,0.385061148304504,0.662673794728007,1.12414054054054,2,0,1.0,13.8432605083488,36.2052845362956,1,0,1,1,-2.71725290377598
"O,O-dimethyl {[(4-oxo-3,4-dihydro-1,2,3-benzotriazin-3-yl)methyl]sulfanyl}phosphonothioate",azinphos-methyl,azinfos-methyl; azinphos; azinphos methyl; azinphos-methyl; azinphos-methyl (substance); azinphos-metile; azinphosmethyl; benzotriazinedithiophosphoric acid dimethoxy ester; carfene; caswell no. 374; ccris 63; cotneon; cotnion; cotnion methyl; crysthion 2L; crysthyon; epa pesticide chemical code 058001; epa shaughnessy #058001; gusathion 25; gusathion M; gusathion methyl; gusathion-20; guthion; guthion (substance); metazintox; methyl azinphos; methyl guthion; methylazinphos; methylgusathion; metiltriazotion,black,COP(=S)(OC)SCN1N=NC2=CC=CC=C2C1=O,"InChI=1S/C10H12N3O3PS2/c1-15-17(18,16-2)19-7-13-10(14)8-5-3-4-6-9(8)11-12-13/h3-6H,7H2,1-2H3",calculation-result-20240129-223038,317.32,C10H12N3O3PS2,True,31,19,0,5,2,2,0.3,0,3,0,63.49,30.86,83.64,12.742,3.245,245.81,389.21,510.66,63.49,39.23,83.78,4.34,7.61,3.2448,0.0,12.742,3.245,0.1631,-0.1016735850739,-0.0173099539221102,0.940896231518874,4.10052428633331,0.890868196462592,0.0484848484848485,1.78144489345163,1.30479028448068,1.54980634665579,3.17923090472796,12.2631429521019,2.12359611806899,0.428645936701519,0.713504522270568,1.12138064516129,2,0,1.0,13.8432605083488,36.2052845362956,1,0,1,1,-2.23062223495366
"dimethyl (2,2,2-trichloro-1-hydroxyethyl)phosphonate",briten,(+-)-trichlorfon; C4H8cl3O4P; DETF; aerol 1; aerol 1 (pesticide); briten; britten; caswell no. 385; chloracetophos; chlorak; chlorfos; chlorophos; chlorphos; ciclosom; clorofos; combot equine; denkaphon; dep (pesticide); depthon; dicontal fort; dimethyltrichlorohydroxyethyl phosphonate; dimetox; dioxaphos; dipterex 50; dipterex SL; dipterex WP 80; ditriphon 50; epa pesticide chemical code 057901; equino-aid; flibol E; foschlor 25; foschlor R-50; foschlorem; leivasom; methyl chlorophos; metrifonate; metrifonato; metrifonatum; metriphonatum; neguvon (product); satox 20wsc; trichloorfon; trichlorfon; trichlorfon (substance); trichlorphon FN; tugon fly bait; tugon stable spray; vermicide bayer 2349,black,COP(=O)(OC)C(O)C(Cl)(Cl)Cl,"InChI=1/C4H8Cl3O4P/c1-10-12(9,11-2)3(8)4(5,6)7/h3,8H,1-2H3",calculation-result-20240129-223425,257.43,C4H8Cl3O4P,True,20,12,1,4,0,0,1.0,1,2,0,55.76,19.46,47.59,11.699,1.138,175.75,284.76,376.06,55.76,32.52,52.91,3.78,5.15,1.1378,-0.001,11.699,1.138,45.62349574,-0.312387531794894,-0.0635158708373002,1.53289615899109,3.57677600030418,0.969735892267671,0.0342857142857143,2.05925044525319,1.22672224376908,1.49658294198534,8.46103300667107,12.48340119847,2.08418371977919,0.482234704979169,0.671369220716905,1.144225,1,3,1.0,56.52660366927,0.0,0,0,0,0,-1.8055952137244
"O,O-diethyl O-1,2,2,2-tetrachloroethyl phosphorothioate",chlorethoxyfos,C6H11cl4O3PS; chlorethoxyfos; chlorethoxyphos; chloroethoxyfos; fortress,black,CCOP(=S)(OCC)OC(Cl)C(Cl)(Cl)Cl,"InChI=1/C6H11Cl4O3PS/c1-3-11-14(15,12-4-2)13-5(7)6(8,9)10/h5H,3-4H2,1-2H3",calculation-result-20240129-223005,335.98,C6H11Cl4O3PS,True,26,15,1,7,0,0,1.0,0,0,0,27.69,28.23,70.11,8.917,4.122,234.42,377.96,520.53,27.69,50.49,66.73,5.06,5.95,4.122,,8.917,4.122,0.008,-0.234870430412227,-0.0890135027288767,1.18448213001847,3.84389168098865,0.930283395211975,0.0533333333333334,1.66143629138685,1.29863630590057,1.45922810456885,7.81264119599494,11.0225120312973,2.14973162923722,0.45734692031906,0.551526120682818,1.12959615384615,0,4,1.0,20.7648907625233,0.0,0,0,1,1,-3.42650134960464
"(1Z)-2-chloro-1-(2,4-dichlorophenyl)ethenyl diethyl phosphate",chlorfenvinphos,chlorfenvinphos,black,CCOP(=O)(OCC)O\C(=C/Cl)C1=CC=C(Cl)C=C1Cl,"InChI=1S/C12H14Cl3O4P/c1-3-17-20(16,18-4-2)19-12(8-13)10-6-5-9(14)7-11(10)15/h5-8H,3-4H2,1-2H3/b12-8-",calculation-result-20240129-223105,359.56,C12H14Cl3O4P,True,34,20,0,7,1,1,0.33,0,1,0,44.76,32.28,81.38,8.641,4.297,272.74,436.54,549.11,44.76,51.88,80.38,5.12,7.32,4.2974,,8.641,4.297,0.0013,-0.207838891780644,-0.0697134472329386,1.49713362352714,4.23803351278288,0.960038380078273,0.0404444444444445,1.79178466568215,1.28325293626493,1.53514924548373,4.37107334107812,12.314580476773,1.87930382890846,0.369399028071641,0.660474144186651,1.12147352941176,2,3,1.0,20.7648907625233,0.0,2,1,0,0,-5.17132292338077
"O,O-dimethyl O-3,5,6-trichloropyridin-2-yl phosphorothioate",chlorpyrifos-oxon,C7H7Cl3NO3PS; caswell no. 179AA; chloropyriphos-methyl; chlorpyrifos methyl; chlorpyrifos-methyl; chlorpyriphos-methyl; dowco 214; dursban methyl; epa pesticide chemical code 059102; methyl chlorpyrifos; methyl chlorpyriphos; methyl dursban; methylchlorpyrifos; noltran; reldan; reldan 50 EC; trichlormethylfos; tumar; zertell,black,COP(=S)(OC)OC1=NC(Cl)=C(Cl)C=C1Cl,"InChI=1S/C7H7Cl3NO3PS/c1-12-15(16,13-2)14-7-5(9)3-4(8)6(10)11-7/h3H,1-2H3",calculation-result-20240129-224909,322.52,C7H7Cl3NO3PS,True,23,16,0,4,1,1,0.29,0,1,0,40.58,27.86,69.5,10.589,4.071,218.26,339.72,450.19,40.58,42.83,68.83,4.71,6.04,4.0707,,10.589,4.071,0.0012,-0.298588632989746,-0.0904386358761128,1.19927398688537,3.70980286633128,0.820580090084315,0.0669135802469136,1.71736797051829,1.32303076500004,1.5350465253544,4.89991831804193,11.1137747443035,2.40126874244252,0.530835824902815,0.747556934291742,1.11644347826087,0,3,1.0,13.8432605083488,16.7855295481303,2,0,1,1,-3.7112317912065
"O,O-diethyl O-6-methyl-2-(propan-2-yl)pyrimidin-4-yl phosphorothioate",diazinon,alfa-tox; antigal; bassadinon; basudin; basudin 10 G; basudin S; bazuden; bazudine; caswell no. 342; ccris 204; ciazinon; compass; compass (insecticide); cooper flystrike powder; cooper's flystrike powder; dacutox; dassitox; dazzel; delzinon; diazajet; diazide; diazinon; diazinon (substance); diazinon ag 500; diazinone; diazitol; dicid; dimpilato; dimpylat; dimpylate; dimpylatum; disonex; dizictol; dizinil; dizinon; drawizon; dyzol; ektoband; epa pesticide chemical code 057801; exodin; flytrol; galesan; garden tox; isopropylmethylpyrimidyl diethyl thiophosphate; kayazinon; kayazol; kfm blowfly dressing; kleen-dok; knox out 2FM; knox out yellow jacket contorl; knox-out; meodinon; nedcidol; neocidol (oil); neodinon; neotsidol; new Z diazinon; nipsan; nucidol; oleodiazinon; optimizer; optimizer insecticide; sarolex; spectracide; srolex; terminator; 敌匹硫磷,black,CCOP(=S)(OCC)OC1=CC(C)=NC(=N1)C(C)C,"InChI=1S/C12H21N2O3PS/c1-6-15-18(19,16-7-2)17-11-8-10(5)13-12(14-11)9(3)4/h8-9H,6-7H2,1-5H3",calculation-result-20240129-223218,304.34,C12H21N2O3PS,True,40,19,0,7,1,1,0.67,0,2,0,53.47,31.88,80.76,9.35,4.192,273.75,474.98,637.75,53.47,50.71,87.03,5.2,6.46,4.1918,0.0061,9.35,4.192,16.99315674,-0.198024800147657,-0.0876806813818177,1.3943524387362,4.45337913983431,1.20511460595573,0.0404938271604939,1.54733706678544,1.25554813168856,1.37657932351685,4.31948986096335,10.7152783114237,1.77160051015808,0.332886968514289,0.528185273706366,1.1355125,0,0,1.0,13.8432605083488,33.5710590962605,0,0,1,1,-3.53514821767868
"2,2-dichloroethenyl dimethyl phosphate",dichlorvos,C4H7cl2O4P; DDVP; Fly-Die; NO-pest; NO-pest strip; apavap; astrobot; atgard; atgard C; atgard V; benfos; bibesol; brevinyl; brevinyl E50; canogard; caswell no. 328; ccris 230; chlorvinphos; cypona; ddvp (insecticide); dedevap; denkavepon; deriban; derribante; des (phosphate); devikol; dichlofos; dichloorvo; dichlorfos; dichlorman; dichlorophos; dichlorovos; dichlorphos; dichlorvos; dichlorvos (substance); dichlorvosum; diclorvos; dimethyldichlorovinyl phosphate; divipan; epa pesticide chemical code 084001; equigard; equigel; estrosel; estrosol; fecama; fekama; fly fighter; herkal; herkol; insectigas D; krecalvin; lindanmafu; mafu strip; marvex; mopari; nefrafos; nerkol; nogos; nogos 50; nogos 50 EC; nogos G; novotox; nuvan; nuvan 100EC; nuvan 7; panaplate; phosvit; szklarniak; tap 9VP; tenac; tetravos; unifos; unifos (pesticide); unifos 50 EC; uniphos; vapona; vapona insecticide; vaponite; vapora II; vinylofos; vinylophos; winylophos; 敌敌畏,black,COP(=O)(OC)OC=C(Cl)Cl,"InChI=1S/C4H7Cl2O4P/c1-8-11(7,9-2)10-3-4(5)6/h3H,1-2H3",calculation-result-20240129-223239,220.97,C4H7Cl2O4P,True,18,11,0,4,0,0,0.5,0,1,0,44.76,17.31,52.19,11.822,1.373,154.23,248.69,362.78,44.76,36.09,48.87,4.44,4.75,1.3728,,11.822,1.373,1.3039,-0.360403185875381,-0.199528100145689,1.87548855318027,3.21957992093438,1.113760534261,0.06,1.92735613831492,1.22442830732271,1.50307846588595,7.97158810635853,12.2248934807933,2.07817586508658,0.498372480168773,0.713427100049268,1.14029444444444,2,2,1.0,20.7648907625233,0.0,0,1,0,0,-2.44931655732658
"(2E)-3-[(dimethoxyphosphoryl)oxy]-N,N-dimethylbut-2-enamide",dicrotophos,bidrin; carbicron; carbomicron; caswell no. 376; diapadrin; dicrotofos; dicrotophos; ektafos; epa pesticide chemical code 035201; karbicron; oleobidrin; shell SD-3562,black,COP(=O)(OC)O\C(C)=C\C(=O)N(C)C,"InChI=1S/C8H16NO5P/c1-7(6-8(10)9(2)3)14-15(11,12-4)13-5/h6H,1-5H3/b7-6+",calculation-result-20240129-223151,237.192,C8H16NO5P,True,31,15,0,5,0,0,0.62,0,2,0,65.07,21.96,56.54,18.229,-0.243,208.64,360.49,440.55,65.07,41.3,62.88,4.21,5.53,-0.2427,0.0,18.229,-0.243,17.92478652,-0.234183973760886,-0.215170530707786,2.10938508309887,4.10028971920241,1.43753561522242,0.04,1.98255999328342,1.18659679964058,1.35493441341072,6.59464004653613,12.7844826511835,1.74098210153407,0.351415646950438,0.579350677710025,1.14808387096774,3,0,1.0,20.7648907625233,3.12431389399505,0,1,0,0,-1.97024945131881
"O,O-dimethyl {[(methylcarbamoyl)methyl]sulfanyl}phosphonothioate",dimethoate,dimethoate; phosphamide,black,CNC(=O)CSP(=S)(OC)OC,"InChI=1S/C5H12NO3PS2/c1-6-5(7)4-12-10(11,8-2)9-3/h4H2,1-3H3,(H,6,7)",calculation-result-20240129-223449,229.25,C5H12NO3PS2,True,24,12,0,5,0,0,0.8,1,1,0,47.56,22.38,55.34,18.971,0.342,184.48,308.11,439.77,47.56,35.75,61.36,4.09,6.04,0.3417,0.0,18.971,0.342,6.36187234,-0.249065759196614,-0.0418517478180938,1.03297131467261,3.69103174627058,1.08341079940197,0.0533333333333333,1.78725160498216,1.27963116702232,1.41313849992272,7.42011449281042,12.1567608612499,2.0272925846689,0.442161213826729,0.617829046235422,1.13255833333333,1,0,1.0,13.8432605083488,18.0107506830303,0,0,1,1,-0.839200762611206
"O,O-diethyl {[2-(ethylsulfanyl)ethyl]sulfanyl}phosphonothioate",disulfoton,M-74 (pesticide); caswell no. 341; demeton (substance); di syston; di-syston; di-syston G; disulfoton; disulphoton; disyston; dithiodemeton; dithiosystox; dution; ekatin TD; ekatine; epa pesticide chemical code 032501; ethyl thiometon; ethylthiometon B; frumin; frumin AL; frumin G; glebofos; insyst-D; rcra waste number P039; solvigran; solvirex; thiodemeton; thiodimeton; thiodimeton (substance); vuagt 1-4,black,CCOP(=S)(OCC)SCCSCC,"InChI=1S/C8H19O2PS3/c1-4-9-11(12,10-5-2)14-8-7-13-6-3/h4-8H2,1-3H3",calculation-result-20240129-223259,274.39,C8H19O2PS3,True,33,14,0,9,0,0,1.0,0,0,0,18.46,29.7,74.12,11.738,3.029,240.4,414.62,613.7,18.46,40.59,76.91,4.52,8.22,3.0289,,11.738,3.029,0.0393,-0.214404300055353,-0.0126401074273008,0.999965132483549,4.05878235517989,1.14196906447041,0.0213333333333333,1.4615355069319,1.32481853618461,1.35591822097899,7.49063848395169,9.9806073318314,1.66665138427992,0.330396742372677,0.433992764855466,1.12286363636364,0,0,1.0,13.8432605083488,0.0,0,0,1,1,-2.9192099234493
"O,O-diethyl [({[diethoxy(sulfanylidene)-λ⁵-phosphanyl]sulfanyl}methyl)sulfanyl]phosphonothioate",ethion,KWIT; caswell no. 427; diethion; embathion; epa pesticide chemical code 058401; ethanox; ethiol 100; ethion; ethodan; ethopaz; fosfatox E; fosfono 50; hylemox; niagara 1240; nialate; phosphotox E; rhodocide; rodocid; vegfru fosmite,black,CCOP(=S)(OCC)SCSP(=S)(OCC)OCC,"InChI=1S/C9H22O4P2S4/c1-5-10-14(16,11-6-2)18-9-19-15(17,12-7-3)13-8-4/h5-9H2,1-4H3",calculation-result-20240129-224931,384.46,C9H22O4P2S4,True,41,19,0,12,0,0,1.0,0,0,0,36.92,39.68,97.25,13.613,3.929,313.16,533.94,723.1,36.92,47.73,97.43,5.3,8.85,3.9292,,13.613,3.929,0.0075,-0.263874629071835,-0.0150928985588714,1.01753475588326,4.52136765064586,1.09244358144418,0.016,1.51010232254876,1.33118097536438,1.36927027355502,10.878082747502,10.5686283883418,1.82982467234976,0.341541187238592,0.416790903575788,1.12066829268293,0,0,0.833333333333333,27.6865210166977,0.0,0,0,1,1,-2.13686794888301
ethyl bis(propylsulfanyl)phosphinate,ethoprophos,Jolt; V-C chemical V-C 9-104; caswell no. 434C; epa pesticide chemical code 041101; ethoprop; ethoprophos; mocap; phophos; phosethoprop; prophos; rovokil; virginia-carolina VC 9-104,black,CCCSP(=O)(OCC)SCCC,"InChI=1S/C8H19O2PS2/c1-4-7-12-11(9,10-6-3)13-8-5-2/h4-8H2,1-3H3",calculation-result-20240129-224823,242.33,C8H19O2PS2,True,32,13,0,8,0,0,1.0,0,1,0,26.3,25.68,64.39,9.341,3.219,221.17,392.43,579.48,26.3,50.33,67.91,5.2,5.96,3.2191,,9.341,3.219,0.1677,-0.228886418964307,0.0130801266762455,1.0881448151602,4.16221785557083,1.22606340662316,0.0285714285714286,1.66754504691557,1.31269151125426,1.39698098541516,8.02477514566449,12.0565179504521,1.60279303889287,0.320558607778574,0.428340560890053,1.129203125,1,0,1.0,6.92163025417442,0.0,0,1,1,1,-3.1410599234493
"O,O-dimethyl O-3-methyl-4-nitrophenyl phosphorothioate",fenitrothion,MEP; fenitrothion,black,COP(=S)(OC)OC1=CC=C(C(C)=C1)[N+]([O-])=O,"InChI=1S/C9H12NO5PS/c1-7-6-8(4-5-9(7)10(11)12)15-16(17,13-2)14-3/h4-6H,1-3H3",calculation-result-20240129-223054,277.23,C9H12NO5PS,True,29,17,0,5,1,1,0.33,0,2,0,70.83,26.47,67.23,10.595,3.115,220.59,368.09,483.89,70.83,40.4,69.21,4.39,6.17,3.115,,10.595,3.115,0.0204,-0.0405767473037728,-0.0738780995850952,1.29093849235167,3.88904448624994,1.03096209747338,0.0406349206349207,1.98283717760407,1.2674637238413,1.47852290490908,4.20674486710714,12.8512370706616,1.99044597802166,0.40972699975937,0.687403129552722,1.12690344827586,2,0,1.0,64.5901745866557,5.67005114095397,2,0,1,1,-3.09837647544986
"O,O-dimethyl O-3-methyl-4-(methylsulfanyl)phenyl phosphorothioate",fenthion,MPP; bay-bassa; baycid; baytex; caswell no. 456F; ccris 310; epa pesticide chemical code 053301; fenthion; fenthion (iso); fenthion (substance); fenthion 4E; fenthion-methyl; fenthione; figuron; lebaycid; mercaptophos; mpp (pesticide); oms 2; phenthion; queletox; spotton; sulfidophos; talodex; tiguvon; 倍硫磷,black,COP(=S)(OC)OC1=CC=C(SC)C(C)=C1,"InChI=1S/C10H15O3PS2/c1-8-7-9(5-6-10(8)16-4)13-14(15,11-2)12-3/h5-7H,1-4H3",calculation-result-20240129-225854,278.32,C10H15O3PS2,True,31,16,0,5,1,1,0.4,0,0,0,27.69,29.4,73.67,11.693,3.803,233.44,387.44,517.94,27.69,42.91,67.41,4.36,6.3,3.8032,,11.693,3.803,0.0189,-0.238859241791566,-0.0378832291044403,1.19418564920836,4.13870621754499,1.0176997064149,0.0451851851851852,1.57508186535694,1.31995839965771,1.47832836176582,4.34185397033486,10.5298564093061,1.77427607215575,0.358136004509114,0.631922818742812,1.11333870967742,0,0,1.0,13.8432605083488,0.0,2,0,1,1,-3.58528765714379
"1,4-diethyl 2-{[dimethoxy(sulfanylidene)-λ⁵-phosphanyl]sulfanyl}butanedioate",malathion,"TAK; american cyanamid 4,049; calmathion; camathion; carbafos; carbethoxy malathion; carbetovur; carbetox; carbophos; ccris 368; celthion; chemathion; cimexan; cleensheen; cythion; derbac-M; detmol MA; diethyl(dimethoxythiophosphorylthio)succinate; dorthion; emmatos; emmatos extra; ethiolacar; extermathion; flair; fog 3; forthion; fosfothion; fosfotion; fosfotion 550; fyfanon; hilthion; hilthion 25wdp; karbofos; kill-A-mite; kop-thion; kop-thionkypfosmalacide; kypfos; lice rid; malacide; malafor; malagran; malakill; malamar; malamar 50; malaphele; malaphos; malasol; malaspray; malataf; malathiazol; malathion; malathion (substance); malathion 60; malathion E50; malathion LV concentrate; malathion preparation; malathion product; malathion product (product); malathiozoo; malathon; malathyl; malation; malatol; malatox; maldison; malmed; malphos; maltox; maltox mlt; mercaptothion; moscarda; oms 1; organoderm; ortho malathion; ovide; paladin; phosphothion; prioderm; sadofos; sadofos 30; sadophos; siptox I; staeubol-puder; suleo-M; sumitox; taskil; vegfru malatox; vetiol; zithiol; 马拉硫磷",black,CCOC(=O)CC(SP(=S)(OC)OC)C(=O)OCC,"InChI=1/C10H19O6PS2/c1-5-15-9(11)7-8(10(12)16-6-2)19-17(18,13-3)14-4/h8H,5-7H2,1-4H3",calculation-result-20240129-223250,330.35,C10H19O6PS2,True,38,19,1,11,0,0,0.8,0,2,0,71.06,31.97,78.18,14.178,1.857,278.27,471.51,607.57,71.06,52.64,82.14,4.95,7.07,1.8573,,14.178,1.857,0.7284,-0.13990195950496,-0.0742880792226562,1.14587818976124,4.53130433695097,1.17565364880945,0.0416,1.85521280484787,1.23844703354536,1.38332292052409,7.20005276579649,12.8221032910016,1.78898860005862,0.340894304556566,0.525072554266681,1.13084473684211,2,0,0.833333333333333,13.8432605083488,0.0,0,0,1,1,-1.88977698884255
ethyl N-(2-{[diethoxy(sulfanylidene)-λ⁵-phosphanyl]sulfanyl}acetyl)-N-methylcarbamate,mecarbam,mecarbam,black,CCOC(=O)N(C)C(=O)CSP(=S)(OCC)OCC,"InChI=1S/C10H20NO5PS2/c1-5-14-10(13)11(4)9(12)8-19-17(18,15-6-2)16-7-3/h5-8H2,1-4H3",calculation-result-20240129-224639,329.37,C10H20NO5PS2,True,39,19,0,9,0,0,0.8,0,2,0,65.07,32.39,80.77,12.685,2.02,281.55,482.08,628.31,65.07,52.06,83.01,4.87,7.57,2.02,0.0,12.685,2.02,0.2537,-0.142403257425362,-0.0908649714099907,1.1548631858192,4.35894535712315,1.20218276996651,0.0333333333333333,1.80126390274748,1.23233713603148,1.39085866956495,6.92289631452498,12.806485011743,1.86828726191205,0.353480621634549,0.515121505769598,1.13489743589744,2,0,1.0,13.8432605083488,3.12431389399505,0,0,1,1,-1.54467698884255
"O-3-chloro-4-methyl-2-oxo-2H-chromen-7-yl O,O-diethyl phosphorothioate",meldane,C14H16ClO5PS; CO-ral; agridip; asunthol; asuntol; azunthol; baymix; baymix 50; caswell no. 335; ccris 180; coumafos; coumafosum; coumaphos; coumaphos (substance); cumafos; cumafosum; diolice; epa pesticide chemical code 036501; meldane; meldone; muscatox; negashunt; negasunt; resitox; suntol; umbethion; 库马磷,black,CCOP(=S)(OCC)OC1=CC=C2C(C)=C(Cl)C(=O)OC2=C1,"InChI=1S/C14H16ClO5PS/c1-4-17-21(22,18-5-2)20-10-6-7-11-9(3)13(15)14(16)19-12(11)8-10/h6-8H,4-5H2,1-3H3",calculation-result-20240129-223025,362.76,C14H16ClO5PS,True,38,22,0,6,2,2,0.36,0,1,0,53.99,35.48,89.93,10.464,4.146,289.81,462.85,597.13,53.99,46.33,98.72,4.9,7.94,4.1455,,10.464,4.146,0.0004,-0.172234910860971,-0.0412294597238624,1.212440804804,4.29973351911634,0.955071853165984,0.0463299663299664,1.7610587279635,1.28073066985743,1.48881370043066,3.13093130561979,12.3134995097113,1.85549042441087,0.353566321115844,0.670970406527779,1.11503947368421,2,1,1.0,13.8432605083488,0.0,2,0,1,1,-4.15670868103064
"1,2-dibromo-2,2-dichloroethyl dimethyl phosphate",naled,BRP; C4H7br2cl2O4P; alvora; arthodibrom; bromchlophos; bromex; bromex (insecticide); bromex 50; caswell no. 586; dibrom; dibromfos; epa pesticide chemical code 034401; flibol ex; fosbrom; hibrom; naled; naled (substance); naledu; nikabrom; ortho-dibrom; orthodibromo,black,COP(=O)(OC)OC(Br)C(Cl)(Cl)Br,"InChI=1/C4H7Br2Cl2O4P/c1-10-13(9,11-2)12-3(5)4(6,7)8/h3H,1-2H3",calculation-result-20240129-223331,380.78,C4H7Br2Cl2O4P,True,20,13,1,5,0,0,1.0,0,1,0,44.76,23.81,58.25,8.732,2.652,198.94,316.26,392.73,44.76,39.07,57.4,4.02,5.08,2.6518,0.0,8.732,2.652,0.2553,-0.364225850672025,-0.131587154991159,1.3548172534959,3.52565234214944,0.879311355020001,0.0733333333333334,1.78859327426255,1.31271645855688,1.99288121426101,8.09298229093931,12.2266432895169,2.3393538721672,0.541275518890411,0.648231399400929,1.131185,1,2,1.0,20.7648907625233,0.0,0,1,0,0,-3.39401794888301
"O,O-dimethyl O-4-nitrophenyl phosphorothioate",paraoxon-ethyl,Dalf; M-parathion; azofos; azophos; bladan-M; caswell no. 372; ccris 405; cekumethion; demethylfenitrothion; devithion; drexel methyl parathion 4E; epa pesticide chemical code 053501; epa shaughnessy code: 053501; folidol 600; folidol M; folidol M 50; folidol M-40; folidol-80; fosferno M 50; hexaethyl tetraphosphate (substance); kilex parathion; me-parathion; mepaton; meptox; metacid 50; metacide; metacide (insecticide); metafos; metafos (pesticide); metaphos; methyl 1605; methyl fosferno; methyl niran; methyl-E 605; methylparathion; methylthiophos; metilparation (hungarian); metron (pesticide); metyloparation; metylparation; nitrox; nitrox 80; oleovofotox; parapest M-50; parathion methyl homolog; parathion-metile; paratox; paratuf; parton-M; partron M; penncap mls; penncap-M; quinophos; rcra waste number P071; tekwaisa; thiophenit; thylpar M-50; vofatox; wofatox; wofatox 50 EC; wofatox 80; yphos; α-gro,black,COP(=S)(OC)OC1=CC=C(C=C1)N(=O)=O,"InChI=1S/C8H10NO5PS/c1-12-15(16,13-2)14-8-5-3-7(4-6-8)9(10)11/h3-6H,1-2H3",calculation-result-20240129-224858,263.2,C8H10NO5PS,True,26,16,0,5,1,1,0.25,0,2,0,73.51,24.71,63.19,13.06,2.602,202.78,339.87,452.26,73.51,39.06,60.68,4.16,6.14,2.6016,,13.06,2.602,0.074,-0.0589733864969175,-0.0800412631780872,1.28784137439512,3.77038734956774,1.00025959289346,0.0436601307189543,2.00571922038129,1.26193610668264,1.5040333092139,4.07949737120114,12.8491746682125,2.05317350955223,0.436804561417545,0.693074746082879,1.12557692307692,2,0,1.0,64.5901745866557,5.67005114095397,2,0,1,1,-2.82874945131881
"O,O-diethyl {[(ethylsulfanyl)methyl]sulfanyl}phosphonothioate",phorate,"VUAgT 182; agrimet; american cyanamid 3,911; caswell no. 660; epa pesticide chemical code 057201; experimental insecticide 3911; foraat; geomet; granutox; phorat; phorate; phorate (substance); phorate-10G; rampart; rcra waste number P094; thimenox; thimet; thimet 10 G; thimet 10 g; thimet 10-G; thimet 10-g; thimet 10G; timet; vegfru; vegfru foratox",black,CCOP(=S)(OCC)SCSCC,"InChI=1S/C7H17O2PS3/c1-4-8-10(11,9-5-2)13-7-12-6-3/h4-7H2,1-3H3",calculation-result-20240129-224812,260.36,C7H17O2PS3,True,30,13,0,8,0,0,1.0,0,0,0,18.46,27.86,68.95,12.361,3.163,223.43,384.11,577.2,18.46,40.19,71.09,4.62,7.57,3.1626,,12.361,3.163,0.062,-0.224422061266524,-0.0129775152464801,0.987912033657984,3.97096280392654,1.11728493434602,0.0228571428571429,1.45533846585323,1.32957144708902,1.3668620358939,8.63544756612648,9.96256144355403,1.7104492536811,0.348581086199862,0.468490589719943,1.12131,0,0,1.0,13.8432605083488,0.0,0,0,1,1,-2.63571421242175
"O,O-dimethyl {[(1,3-dioxo-2,3-dihydro-1H-isoindol-2-yl)methyl]sulfanyl}phosphonothioate",phosmet,APPA; PMP; caswell no. 543; decemthion; decemthion P-6; decemtion P-6; epa pesticide chemical code 059201; fosmet; ftalophos; imidan 5 dust; imidan WP; imidathion; kemolate; percolate; phosmet; phosmet (substance); phtalofos; phthalophos; pmp (pesticide); prolate; prolate 5 dust; prolate 8-OS; prolate E; safidon; simidan; smidan; stauffer R 1504,black,COP(=S)(OC)SCN1C(=O)C2=CC=CC=C2C1=O,"InChI=1S/C11H12NO4PS2/c1-15-17(18,16-2)19-7-12-10(13)8-5-3-4-6-9(8)11(12)14/h3-6H,7H2,1-2H3",calculation-result-20240129-222909,317.31,C11H12NO4PS2,True,31,19,0,5,2,1,0.27,0,2,0,55.84,30.88,79.77,16.819,2.149,245.9,389.39,500.68,55.84,38.45,85.34,4.27,7.57,2.1492,0.0,16.819,2.149,0.0137,-0.174632287471107,-0.008487885532725,0.945567618669058,4.17837823262952,0.880463056569513,0.0340096618357488,1.95063892510317,1.31126672577367,1.5552756514176,3.17772763821684,12.8150034822999,2.01634799381706,0.406998000783624,0.674436957125645,1.10938064516129,2,0,1.0,13.8432605083488,3.12431389399505,0,0,1,1,-2.32703187347453
"(2Z)-2-chloro-3-[(dimethoxyphosphoryl)oxy]-N,N-diethylbut-2-enamide",phosphamidon,"(Z)-phosphamidon; C10H19ClNO5P; apamidon; caswell no. 661; ccris 516; cis-phosphamidon; cis/trans mixture phosphamidon; dimecron; dimecron 100; dixon; epa pesticide chemical code 018201; famfos; fosfamidon; fosfamidone; foszfamidon (hungarian); merkon; phosphamidon; phosphamidon 85 wsc; phosphamidon, cis/trans mixture; phosphamidone; sundaram 1975",black,CCN(CC)C(=O)C(\Cl)=C(/C)OP(=O)(OC)OC,"InChI=1S/C10H19ClNO5P/c1-6-12(7-2)10(13)9(11)8(3)17-18(14,15-4)16-5/h6-7H2,1-5H3/b9-8-",calculation-result-20240129-225826,299.69,C10H19ClNO5P,True,37,18,0,7,0,0,0.7,0,2,0,65.07,27.53,70.83,16.455,0.86,256.41,439.08,540.22,65.07,45.3,76.06,4.6,6.62,0.8599,0.0,16.455,0.86,2.510555319,-0.202991589655407,-0.165093665707561,1.88247241104539,4.4074609495741,1.32474013903309,0.0433333333333334,1.90501026021288,1.19325308888216,1.41264172097665,6.92673758426534,12.811379226908,1.81649271214953,0.348691615925468,0.539762767699546,1.145,3,1,1.0,20.7648907625233,3.12431389399505,0,1,0,0,-2.7455001101329
"O,O-diethyl O-quinoxalin-2-yl phosphorothioate",quinalphos,O-analog of dimethoate; P=O-rogor; PO-dimethoate; dimethoate O-analog; dimethoate PO isologue; dimethoate oxygen analog; dimethoate-met; dimethoxon; folimat; omethoat; omethoate,black,CCOP(=S)(OCC)OC1=NC2=CC=CC=C2N=C1,"InChI=1S/C12H15N2O3PS/c1-3-15-18(19,16-4-2)17-12-9-13-10-7-5-6-8-11(10)14-12/h5-9H,3-4H2,1-2H3",calculation-result-20240129-224626,298.3,C12H15N2O3PS,True,34,19,0,6,2,2,0.33,0,2,0,53.47,32.17,77.07,10.274,3.296,249.28,413.16,554.72,53.47,45.6,86.13,5.19,7.15,3.2955,0.0,10.274,3.296,0.074015603,-0.228458059859285,-0.061828348704052,1.28479953172275,4.05806334068705,1.01234364262129,0.0366222222222222,1.66171896069951,1.28539009426244,1.50252446641567,3.28223511245736,10.8286028886956,1.8998805928696,0.373443630381911,0.636771901576657,1.12279117647059,0,0,1.0,13.8432605083488,33.5710590962605,0,0,1,1,-3.02831644239815
[methoxy(methylsulfanyl)phosphoryl]amine,tamaron,MTD; acephate-met; amidor; caswell no. 378A; chevron 9006; chevron ortho 9006; epa pesticide chemical code 101201; filitox; hamidop; metamidofos estrella; metamidophos; methamidophos; methamidophos (substance); methyl phosphoramidothioate; methyl phosphoramidothioate ((meo)(mes)P(O)(NH2)); monitor (insecticide); monitor brand of insecticide; ortho monitor; patrole; pillaron; sniper; tahmabon; tamanox; tamaron,black,COP(N)(=O)SC,"InChI=1/C2H8NO2PS/c1-5-6(3,4)7-2/h1-2H3,(H2,3,4)",calculation-result-20240129-223211,141.12,C2H8NO2PS,True,15,7,1,2,0,0,1.0,1,1,0,52.32,12.75,31.68,13.539,-0.318,112.43,195.15,323.13,52.32,26.5,39.31,3.27,4.45,-0.3183,0.0,13.539,-0.318,183.7896,-0.411286942159421,0.0287575915569017,1.36152856857625,2.19532111801752,1.14587498588325,0.0,2.00024864824606,1.24549463261825,1.40729820738929,9.61176120183111,12.0879594872662,2.04022392894185,0.522211687021678,0.70121550500188,1.14810666666667,1,0,0.833333333333333,6.92163025417442,28.2265334701613,0,1,1,1,-0.351284825600054
"O,O-diethyl O-1-phenyl-1H-1,2,4-triazol-3-yl phosphorothioate",triazophos,hostathion; methoxone; triazofos; triazofosz (hungarian); triazophos,black,CCOP(=S)(OCC)OC1=NN(C=N1)C1=CC=CC=C1,"InChI=1S/C12H16N3O3PS/c1-3-16-19(20,17-4-2)18-12-13-10-15(14-12)11-8-6-5-7-9-11/h5-10H,3-4H2,1-2H3",calculation-result-20240129-223227,313.31,C12H16N3O3PS,True,36,20,0,7,2,2,0.33,0,2,0,58.4,32.65,82.85,10.047,3.453,260.78,435.29,596.56,58.4,46.33,86.11,5.2,7.44,3.4533,0.0,10.047,3.453,0.0048,-0.17563521820055,-0.0850691814569572,1.30809506769068,4.15147523664028,1.04347252667696,0.023559670781893,1.62797072197025,1.26945087666779,1.47257102547806,3.00485822703714,10.8538675942224,1.93299930663729,0.373893104077529,0.643565125815117,1.12981111111111,2,0,1.0,13.8432605083488,36.4503287632756,1,0,1,1,-3.99225290377598
"dimethyl [({6-chloro-2-oxo-2H,3H-[1,3]oxazolo[4,5-b]pyridin-3-yl}methyl)sulfanyl]phosphonate",azamethiphos,C9H10ClN2O5PS; Snip; actogard; azamethiphos; ciba-geigy 18809,blue,COP(=O)(OC)SCN1C(=O)OC2=CC(Cl)=CN=C12,"InChI=1S/C9H10ClN2O5PS/c1-15-18(14,16-2)19-5-12-8-7(17-9(12)13)3-6(10)4-11-8/h3-4H,5H2,1-2H3",calculation-result-20240301-123926,324.67,C9H10ClN2O5PS,True,29,19,0,5,2,2,0.33,0,4,0,77.96,27.93,69.91,13.511,1.519,235.36,379.73,511.32,77.96,35.32,81.56,4.61,7.48,1.5188,0.0,13.511,1.519,0.2654304964539005,-0.249205969412532,-0.0824795017987776,1.30678282859137,4.15757630912077,0.952262376354659,0.0387878787878788,1.96793791940623,1.25868723895755,1.54286560905067,3.35527994595936,12.8381374009532,2.25942077318649,0.465094609355746,0.787055000902999,1.12783793103448,2,1,1.0,13.8432605083488,19.9098434421253,2,1,1,1,-1.82505702009129
1-(4-chlorophenyl)-1H-pyrazol-4-yl ethyl (propylsulfanyl)phosphonate,boltage,C14H18ClN2O3PS; boltage; pyraclofos; voltage,blue,CCCSP(=O)(OCC)OC1=CN(N=C1)C1=CC=C(Cl)C=C1,"InChI=1/C14H18ClN2O3PS/c1-3-9-22-21(18,19-4-2)20-14-10-16-17(11-14)13-7-5-12(15)6-8-13/h5-8,10-11H,3-4,9H2,1-2H3",calculation-result-20240301-124219,360.79,C14H18ClN2O3PS,True,40,22,1,8,2,2,0.36,0,2,0,53.35,36.27,91.56,8.795,4.193,295.37,490.38,683.55,53.35,52.36,89.68,4.61,8.61,4.1927,0.0,8.795,4.193,0.0108929078014184,-0.143417483388158,-0.0253246999984608,1.2271528554485,4.35050681932489,0.987088134599609,0.0312835249042146,1.74819322445803,1.3068237057498,1.52947648782423,3.06574062810168,12.2547573952092,1.94401543396407,0.365284047304517,0.678080369599436,1.1237325,1,1,1.0,6.92163025417442,18.4395780802453,3,1,1,1,-3.75337149444044
dimethyl [(2-{[2-(methylcarbamoyl)ethyl]sulfanyl}ethyl)sulfanyl]phosphonate,dimethyl (2-{[2-(methylcarbamoyl)ethyl]sulfanyl}ethyl)sulfanylphosphonate,,blue,CNC(=O)CCSCCSP(=O)(OC)OC,"InChI=1S/C8H18NO4PS2/c1-9-8(10)4-5-15-6-7-16-14(11,12-2)13-3/h4-7H2,1-3H3,(H,9,10)",calculation-result-20240301-124226,287.33,C8H18NO4PS2,True,34,16,0,9,0,0,0.87,1,2,0,64.63,27.64,69.39,18.604,0.2,244.21,418.0,592.82,64.63,35.07,84.74,4.16,8.56,0.2003,0.0,18.604,0.2,9.707487234042524,-0.216465048546829,-0.0390197922372674,1.32026524954846,4.2486173660205,1.19835187380359,0.0285714285714286,1.90613973870539,1.24089452489399,1.41911793859415,6.82785348088525,12.7632797730967,1.87985548754559,0.369507462993789,0.563593469251796,1.13636470588235,2,0,1.0,13.8432605083488,18.0107506830303,0,1,1,1,-1.67333596854933
"O,O-diethyl [(chloromethyl)sulfanyl]phosphonothioate",dotan,C5H12ClO2PS2; caswell no. 195B; chlormefos; chlormephos; chlormethylfos; dotan; epa pesticide chemical code 295300,blue,CCOP(=S)(OCC)SCCl,"InChI=1S/C5H12ClO2PS2/c1-3-7-9(10,8-4-2)11-5-6/h3-5H2,1-2H3",calculation-result-20240301-123947,234.69,C5H12ClO2PS2,True,23,11,0,6,0,0,1.0,0,0,0,18.46,22.98,56.37,11.302,2.782,184.78,313.04,464.36,18.46,38.89,59.27,4.58,5.99,2.7817,,11.302,2.782,0.3374000000000005,-0.226468988200044,-0.0344933758639339,0.982303920330644,3.6578592253687,1.03737623688512,0.02,1.53050593426786,1.32689587126963,1.40234566034761,8.44331341521063,10.2470942200431,1.97446671766177,0.436484950762744,0.528848106052537,1.12316956521739,0,1,1.0,13.8432605083488,0.0,0,0,1,1,-2.33547626987643
"O-4-(dimethylsulfamoyl)phenyl O,O-dimethyl phosphorothioate",famphur,"BO-ana; american cyanamid CL-38,023; american cyanamid-38023; caswell no. 456D; dovip; epa pesticide chemical code 059901; famfur; famofos; famophos; famophos warbex; famphos; famphur; famphur (substance); fanfos; rcra waste number P097; varbex; warbex; warbexol",blue,COP(=S)(OC)OC1=CC=C(C=C1)S(=O)(=O)N(C)C,"InChI=1S/C10H16NO5PS2/c1-11(2)19(12,13)10-7-5-9(6-8-10)16-17(18,14-3)15-4/h5-8H,1-4H3",calculation-result-20240301-124003,325.33,C10H16NO5PS2,True,35,19,0,5,1,1,0.4,0,2,0,65.07,31.78,77.82,17.172,1.715,263.62,446.02,541.63,65.07,45.05,75.99,4.26,7.14,1.715,,17.172,1.715,0.3034999999999997,-0.0991940164497789,-0.0792884882551483,1.46326107161805,4.28458709812276,1.11938477219726,0.0409661835748793,1.95953202865681,1.27797694229318,1.47077025314334,4.63146423045784,12.8104414204978,1.96274240485038,0.382654339479089,0.626683830930033,1.12658857142857,2,0,1.0,13.8432605083488,1.51856065519461,2,0,1,1,-2.11332223495367
{ethoxy[3-methyl-4-(methylsulfanyl)phenoxy]phosphoryl}(propan-2-yl)amine,fenamiphos,caswell no. 453A; epa pesticide chemical code 100601; fenamiphos; methaphenamiphos; nemacur; nemacur P; phenamiphos,blue,CCOP(=O)(NC(C)C)OC1=CC=C(SC)C(C)=C1,"InChI=1/C13H22NO3PS/c1-6-16-18(15,14-10(2)3)17-12-7-8-13(19-5)11(4)9-12/h7-10H,6H2,1-5H3,(H,14,15)",calculation-result-20240301-124024,303.36,C13H22NO3PS,True,41,19,1,7,1,1,0.54,1,1,0,47.56,31.97,81.54,9.806,3.314,277.57,478.8,596.23,47.56,49.6,91.42,5.4,7.63,3.3141,-0.0007,9.806,3.314,7.92556170212766,-0.234971015620546,-0.028845684284481,1.51333895865749,4.46691658469437,1.17221955980925,0.0360493827160494,1.66142996549888,1.27274926361443,1.3773254218765,4.31551019666542,12.1570060479186,1.67540323759325,0.312718054094312,0.593355813072393,1.13018048780488,1,0,1.0,6.92163025417442,13.3400966811261,2,1,0,1,-4.57479428913599
"ethyl (butan-2-ylsulfanyl)(2-oxo-1,3-thiazolidin-3-yl)phosphinate",fosthiazate,fosthiazate; nemathorin,blue,CCOP(=O)(SC(C)CC)N1CCSC1=O,"InChI=1/C9H18NO3PS2/c1-4-8(3)16-14(12,13-5-2)10-6-7-15-9(10)11/h8H,4-7H2,1-3H3",calculation-result-20240301-124044,283.34,C9H18NO3PS2,True,34,16,2,6,1,0,0.89,0,2,0,46.61,28.07,70.68,10.249,2.438,241.31,409.43,526.28,46.61,42.48,71.14,4.67,6.65,2.4378,,10.249,2.438,0.0663,-0.181129525732959,-0.0108195694597922,1.23304321161641,4.38740940578286,1.14319394157892,0.035625,1.84349409976547,1.29457592329046,1.4290214860559,5.11714099820954,12.7426340690526,1.84208453121781,0.362083142167007,0.53858002321165,1.13020588235294,2,0,1.0,6.92163025417442,0.0,0,1,1,1,-1.93417723503051
ethyl [(2E)-2-(cyanoimino)-3-ethylimidazolidin-1-yl](propylsulfanyl)phosphinate,imicyafos,imicyafos,blue,CCCSP(=O)(OCC)N1CCN(CC)\C1=N/C#N,"InChI=1/C11H21N4O2PS/c1-4-9-19-18(16,17-6-3)15-8-7-14(5-2)11(15)13-10-12/h4-9H2,1-3H3/b13-11+",calculation-result-20240301-124238,304.35,C11H21N4O2PS,True,40,19,1,7,1,0,0.82,0,4,0,68.93,30.28,79.7,16.114,1.77,270.78,465.05,577.86,68.93,54.23,81.74,5.08,7.27,1.7696,0.0,16.114,1.77,3.382541134751779,-0.189863663292551,-0.0864589535783915,1.42040436664704,4.68707676775323,1.24311310564565,0.0433870967741936,1.76326853569754,1.26334845796709,1.44644906574203,4.68405360046549,12.5549928734522,1.81461775280326,0.340969986901272,0.522032057420937,1.1448125,2,0,1.0,6.92163025417442,50.9691992118408,0,1,1,1,-2.4123001101329
methyl (2E)-3-[(dimethoxyphosphoryl)oxy]but-2-enoate,menite,(E)-mevinphos; CMDP; PD 5 (pesticide); caswell no. 160B; duraphos; epa pesticide chemical code 015801; fosdrin; fosdrine; gesfid; meniphos; menite; mevinfos; mevinphos; mevinphos (substance); mevinphos (trans); phosfene,blue,COC(=O)\C=C(/C)OP(=O)(OC)OC,"InChI=1S/C7H13O6P/c1-6(5-7(8)10-2)13-14(9,11-3)12-4/h5H,1-4H3/b6-5+",calculation-result-20240301-124148,224.149,C7H13O6P,True,27,14,0,6,0,0,0.57,0,2,0,71.06,19.74,49.69,14.259,0.496,188.34,323.17,453.37,71.06,40.21,58.4,4.16,5.81,0.4962,,14.259,0.496,12.90450000000004,-0.249137829175459,-0.213904128295532,2.1390435406967,3.92605588873738,1.39942438780882,0.032,2.03659557855809,1.1646193205493,1.37514090790756,6.7718513951845,12.7965811961937,1.67092543569812,0.351412191127099,0.612294153174594,1.14394444444444,3,0,1.0,20.7648907625233,0.0,0,1,0,0,-2.03185374029126
"O,O-dimethyl {[(5-methoxy-2-oxo-2,3-dihydro-1,3,4-thiadiazol-3-yl)methyl]sulfanyl}phosphonothioate",methidathion,caswell no. 378B; ciba-geigy GS 13005; dmtp (insecticide); epa pesticide chemical code 100301; fisons NC 2964; methidathion; methidathion (substance); methidathion 50S; metidathion; metidation; somonil; supracid; supracide; supracide ulvair; suprathion; ultracid; ultracid 40; ultracid EC 40; ultracide; ultracide ulvair 250,blue,COC1=NN(CSP(=S)(OC)OC)C(=O)S1,"InChI=1S/C6H11N2O4PS3/c1-10-5-7-8(6(9)16-5)4-15-13(14,11-2)12-3/h4H2,1-3H3",calculation-result-20240301-124140,302.32,C6H11N2O4PS3,True,27,16,0,6,1,1,0.67,0,3,0,60.36,28.13,70.01,15.872,2.293,224.63,356.68,511.31,60.36,34.68,76.17,4.19,7.17,2.2927,,15.872,2.293,0.1382,-0.200924098784673,-0.0541420132569992,0.971289090214413,3.98810877251257,0.959205366871048,0.0486666666666667,1.73420149959882,1.29997132840997,1.46806107160169,4.55756839709781,12.2302956146502,2.22457600914493,0.467850397750261,0.650974058861377,1.1257,2,0,1.0,13.8432605083488,19.6647992151453,0,0,1,1,-1.24603877635429
(2E)-3-[(dimethoxyphosphoryl)oxy]-N-methylbut-2-enamide,monocrotophos,N-desmethyl bidrin; aimocron; apadrin; azodrin; azodrin 202R; azodrin insecticide; azodrin-71; biloborn; bilobran; caswell no. 377; corophos; crisodrin; croton 36; crotos; epa pesticide chemical code 058901; glore phos 36; hazodrin; monocil 40; monocron; monocrotophos; monocrotophos 40 EC; monocrotophos E+Z-isomers; monodrin; monokrotofosz (hungarian); monostar; nuvacron; nuvacron 20; pandar; parryfos; pillardrin; plantdrin; rapid X; shell SD 9129; susvin; ulvair,blue,CNC(=O)\C=C(/C)OP(=O)(OC)OC,"InChI=1S/C7H14NO5P/c1-6(5-7(9)8-2)13-14(10,11-3)12-4/h5H,1-4H3,(H,8,9)/b6-5+",calculation-result-20240301-124155,223.165,C7H14NO5P,True,28,14,0,5,0,0,0.57,1,2,0,73.86,20.15,51.64,18.455,-0.466,190.9,325.62,440.83,73.86,41.15,58.57,4.3,5.6,-0.4663,0.0,18.455,-0.466,16.98435957446813,-0.271269758298969,-0.179093389279164,2.09172882916214,3.98088552129917,1.37942692477614,0.032,2.01060011585895,1.1695447888289,1.37388451010808,6.66498944983754,12.7832948954917,1.78720871357023,0.371765501517263,0.650687400786405,1.14912142857143,3,0,1.0,20.7648907625233,18.0107506830303,0,1,0,0,-1.68675374029126
dimethyl {[(methylcarbamoyl)methyl]sulfanyl}phosphonate,omethoate,O-analog of dimethoate; P=O-rogor; PO-dimethoate; dimethoate O-analog; dimethoate PO isologue; dimethoate oxygen analog; dimethoate-met; dimethoxon; folimat; omethoat; omethoate,blue,CNC(=O)CSP(=O)(OC)OC,"InChI=1S/C5H12NO4PS/c1-6-5(7)4-12-11(8,9-2)10-3/h4H2,1-3H3,(H,6,7)",calculation-result-20240129-224745,213.19,C5H12NO4PS,True,24,12,0,5,0,0,0.8,1,2,0,64.63,19.13,47.35,18.934,-0.548,174.2,301.21,446.79,64.63,33.13,61.57,4.17,6.04,-0.5482,0.0,18.934,-0.548,53.58376241,-0.268293179534633,-0.085911329751897,1.49161335194056,3.70311223632708,1.24455126182857,0.0533333333333333,2.0627844870279,1.20599336758838,1.43593285187499,7.43039867679105,12.7568151641716,1.97541289725904,0.430846031335772,0.617829046235422,1.14461666666667,2,0,1.0,13.8432605083488,18.0107506830303,0,1,1,1,-0.768545806408588
dimethyl {[2-(ethanesulfinyl)ethyl]sulfanyl}phosphonate,oxydemeton methyl,aimco systox; caswell no. 455; demeton-S methyl sulfoxide; demeton-S-methyl sulfoxid; demeton-S-methyl sulfoxide; demeton-S-methyl-sulfoxid; demeton-methyl sulphoxide; epa pesticide chemical code 058702; isomethylsystox sulfoxide; metaisosystox sulfoxide; metaisosystoxsulfoxide; metasystemox; metasystemox R; metasystox; metasystox-R; metasytox R; methyl demeton; methyl oxydemeton; methyl oxydemeton (substance); methyl oxydemeton S; metilmercaptofosoksid; metilmercaptofosoksid (ussr); oxydemeton methyl; oxydemeton-methyl; oxydemeton-metile; oxydemetonmethyl,blue,CCS(=O)CCSP(=O)(OC)OC,"InChI=1/C6H15O4PS2/c1-4-13(8)6-5-12-11(7,9-2)10-3/h4-6H2,1-3H3",calculation-result-20240301-124203,246.28,C6H15O4PS2,True,28,13,1,7,0,0,1.0,0,2,0,52.6,23.31,58.27,12.307,-0.538,205.02,362.23,529.66,52.6,33.85,66.0,3.92,7.03,-0.5382,,12.307,-0.538,14.09140000000002,-0.159569391321014,-0.033715649957727,1.42639650616396,3.94100538817383,1.24323234452213,0.024,2.04396244280546,1.25135074062627,1.41968686185712,7.90736685495316,12.740550058621,1.80331442425565,0.375115724445785,0.520055652955939,1.13296071428571,2,0,1.0,13.8432605083488,0.0,0,1,1,1,-1.41401655732658
(Z)-benzenecarbonimidoyl cyanide,phoxim,(Z)-phoxim; phoxim; phoxim (iso),blue,CCOP(=S)(OCC)O\N=C(/C#N)C1=CC=CC=C1,"InChI=1S/C12H15N2O3PS/c1-3-15-18(19,16-4-2)17-14-12(10-13)11-8-6-5-7-9-11/h5-9H,3-4H2,1-2H3/b14-12+",calculation-result-20240301-124211,298.3,C12H15N2O3PS,True,34,19,0,7,1,1,0.33,0,3,0,63.84,30.71,78.38,9.939,3.662,253.43,411.71,585.27,63.84,51.37,80.26,5.16,6.6,3.6622,0.0,9.939,3.662,0.0115,-0.109420699928272,-0.0567866555039097,1.27455441438427,4.02255554014715,1.02005539222429,0.0246296296296296,1.705225209436,1.29131592410931,1.51734742903461,4.1272852314375,11.871661281894,1.8998805928696,0.373443630381911,0.639028657620843,1.12279117647059,1,0,1.0,13.8432605083488,50.4592176982898,0,0,1,1,-3.02831644239815
"O-4-[(4-{[dimethoxy(sulfanylidene)-λ⁵-phosphanyl]oxy}phenyl)sulfanyl]phenyl O,O-dimethyl phosphorothioate",abate,"abaphos; abate; abate 4-E; abathion; american cyanamid AC 52,160; american cyanamid CL-52160; american cyanamid E.I. 52,160; biothion; bithion; caswell no. 845; difenphos; difos; diphos (pesticide); ecopro 1707; epa pesticide chemical code 059001; experimental insecticide 52160; lypor; nephis; nephis 1G; nimitex; nimitox; procida; swebat; swebate; temefos; temefosum; temephos; tetrafenphos",red,COP(=S)(OC)OC1=CC=C(SC2=CC=C(OP(=S)(OC)OC)C=C2)C=C1,"InChI=1S/C16H20O6P2S3/c1-17-23(25,18-2)21-13-5-9-15(10-6-13)27-16-11-7-14(8-12-16)22-24(26,19-3)20-4/h5-12H,1-4H3",calculation-result-20240129-223312,466.46,C16H20O6P2S3,False,47,27,0,10,2,2,0.25,0,0,0,55.38,47.82,118.36,12.366,5.539,368.96,593.75,713.53,55.38,58.13,103.86,5.01,9.19,5.5387,,12.366,5.539,0.0,-0.276178808097743,-0.0418978162617979,1.23905641142145,4.68088015226373,0.954760202613442,0.0413071895424837,1.65306542191618,1.3263590243751,1.51231612250143,3.00915477894442,11.1767539478478,1.88005216222577,0.338468284949289,0.551762024833465,1.10704255319149,0,0,0.666666666666667,27.6865210166977,0.0,4,0,1,1,-4.21529048633582
"O-2-(diethylamino)-6-methylpyrimidin-4-yl O,O-dimethyl phosphorothioate",aktel,BLEX; actelic; actellic; actellifog; aktel; aktelik; aktellik; caswell no. 334B; epa pesticide chemical code 108102; fosforan pirimidyny; methylpirimiphos; pirimifosmethyl; pirimiphos methyl; pirimiphos methyl (substance); pirimiphos-methyl; pirimiphosmethyl; piritione; plant protection PP511; primiphos-methyl; pyrimiphos methyl; pyrimiphos-methyl; silosan; sybol 2,red,CCN(CC)C1=NC(C)=CC(OP(=S)(OC)OC)=N1,"InChI=1S/C11H20N3O3PS/c1-6-14(7-2)11-12-9(3)8-10(13-11)17-18(19,15-4)16-5/h8H,6-7H2,1-5H3",calculation-result-20240129-224751,305.33,C11H20N3O3PS,True,39,19,0,7,1,1,0.64,0,3,0,56.71,31.27,81.31,10.771,2.964,269.27,464.65,592.39,56.71,47.85,85.27,5.29,6.52,2.9623,0.0463,10.771,2.964,39.17501702,-0.207087789667634,-0.132795299704636,1.44215698003189,4.49857801704555,1.2288149345222,0.038974358974359,1.51979272616979,1.23186497165506,1.38573943856816,3.92455459501135,10.7245360559669,1.84945132893701,0.349916856343835,0.559936347760867,1.14111794871795,2,0,1.0,13.8432605083488,36.6953729902556,0,0,1,1,-3.29522308874125
"O,O-diethyl O-4-nitrophenyl phosphorothioate",bladen,"AAT; AATP; DNTP; E 605 forte; PAC; american cyanamid 3422; aqua 9-parathion; bayer E-605; bladan F; bladen; caswell no. 637; ccris 493; diethylparathion; drexel parathion 8E; durathion; ecatox 20; ekatin WF & WF ulv; ekatox 20; epa pesticide chemical code 057501; epa shaughnessy code: 057501; ethlon; ethyl parathion 50 EC; ethylparathion; etylparation; foliclal; folidol E & E 605; fosfermo; fosferno 50; lethalaire G-54; lethalaire g-54; niran E-4; nitrostigmin; nitrostygmine; niuif-100; oleofos 20; paradust; paramar 50; parathion (substance); parathion 20 wp; parathion ethyl; parathion, ethyl; parathion-E; parathion-aethyl; parathion-ethyl; parthion; penncap E; penncap e; rcra waste number P089; rhodiatrox; selephos; sixty-three special e.c; soprathion; soprothion; stabilized ethyl parathion; sulfos; sulphos; thiofos; thiomex; thionspray no.84; thiophos 3422; tiofos; vapophos; viran",red,CCOP(=S)(OCC)OC1=CC=C(C=C1)N(=O)=O,"InChI=1S/C10H14NO5PS/c1-3-14-17(18,15-4-2)16-10-7-5-9(6-8-10)11(12)13/h5-8H,3-4H2,1-2H3",calculation-result-20240129-223356,291.26,C10H14NO5PS,True,32,18,0,7,1,1,0.4,0,2,0,73.51,28.37,72.69,11.817,3.315,236.59,405.27,544.49,73.51,45.14,77.76,4.84,6.94,3.3152,,11.817,3.315,0.018,-0.0266090491137458,-0.0686720226878704,1.29504458067964,4.01211329030469,1.05864348778098,0.0357487922705314,1.92175076290169,1.25056488810752,1.45726407425578,4.10953085163435,12.8479519986874,1.93337842712135,0.386675685424269,0.64237949406954,1.12798125,2,0,1.0,64.5901745866557,5.67005114095397,2,0,1,1,-3.3562540102342
ethyl bis(butan-2-ylsulfanyl)phosphinate,cadusafos,cadusafos; ebufos; rugby; sebufos; sebuphos; taredan,red,CCOP(=O)(SC(C)CC)SC(C)CC,"InChI=1/C10H23O2PS2/c1-6-9(4)14-13(11,12-8-3)15-10(5)7-2/h9-10H,6-8H2,1-5H3",calculation-result-20240129-222931,270.39,C10H23O2PS2,True,38,15,2,8,0,0,1.0,0,1,0,26.3,29.36,73.17,8.288,4.001,255.39,447.88,600.06,26.3,53.81,71.32,5.16,5.9,4.0006,,8.288,4.001,0.0173,-0.218635857669674,0.0107721364946279,1.11275768358128,4.33323115236531,1.2608700245816,0.032,1.5967769194188,1.30442060254311,1.35664183441658,8.83791846527079,12.0658228691015,1.53052735717556,0.29164414966762,0.389976904656703,1.13065526315789,1,0,1.0,6.92163025417442,0.0,0,1,1,1,-3.66856448236469
"O-4-cyanophenyl O,O-dimethyl phosphorothioate",cyanox,CYAP; caswell no. 268A; ciafos; cyanophos; cyanox; cynock; epa pesticide chemical code 268200; sumitomo S 4084,red,COP(=S)(OC)OC1=CC=C(C=C1)C#N,"InChI=1S/C9H10NO3PS/c1-11-14(15,12-2)13-9-5-3-8(7-10)4-6-9/h3-6H,1-2H3",calculation-result-20240129-224716,243.22,C9H10NO3PS,True,25,15,0,4,1,1,0.22,0,1,0,51.48,24.6,61.59,11.274,2.518,197.21,316.19,416.66,51.48,39.54,62.82,4.04,6.33,2.5177,,11.274,2.518,0.0923,-0.274310237925503,-0.069259632002503,1.29869837465338,3.72005017884021,0.96541302186764,0.0468148148148148,1.78789571059882,1.31503947477,1.56532881659635,4.03581714637346,11.8192356316844,1.98371645121401,0.427170086701208,0.694135446463517,1.113848,0,0,1.0,13.8432605083488,31.0593557697155,1,0,1,1,-2.56394381523819
dimethyl {[2-(ethylsulfanyl)ethyl]sulfanyl}phosphonate,demeton-S-methyl,DSM; demeton-S-methyl; demeton-S-metile; demeton-methyl; demetox; duratox; metaisoseptox; metaisosystox; metasystox (I); metasystox 55; metasystox J; methyl demeton thioester; methyl isosystox; methyl thionodemeton; methylmercaptofostiol (ussr); mifatox; thiometon oxon,red,CCSCCSP(=O)(OC)OC,"InChI=1S/C6H15O3PS2/c1-4-11-5-6-12-10(7,8-2)9-3/h4-6H2,1-3H3",calculation-result-20240129-230024,230.28,C6H15O3PS2,True,27,12,0,7,0,0,1.0,0,1,0,35.53,22.7,56.63,13.021,1.425,196.32,342.17,504.11,35.53,35.82,62.69,3.99,7.0,1.4254,,13.021,1.425,1.3668,-0.245679651438326,-0.0413448712531918,1.31777966629059,3.83265825462324,1.21913069958307,0.0266666666666667,1.73237051178752,1.27562991373373,1.39639167419944,7.47569411480601,12.0929026650031,1.75977559695539,0.370098261242709,0.475329360184509,1.13012962962963,1,0,1.0,13.8432605083488,0.0,0,1,1,1,-2.19201313711637
"2-chloro-1-(2,4-dichlorophenyl)ethenyl dimethyl phosphate",dimethylvinphos,dimethylvinphos,red,COP(=O)(OC)OC(=CCl)C1=CC=C(Cl)C=C1Cl,"InChI=1S/C10H10Cl3O4P/c1-15-18(14,16-2)17-10(6-11)8-4-3-7(12)5-9(8)13/h3-6H,1-2H3",calculation-result-20240129-224733,331.51,C10H10Cl3O4P,True,28,18,0,5,1,1,0.2,0,1,0,44.76,28.65,71.89,9.583,3.584,239.67,371.25,469.04,44.76,47.1,73.52,4.98,6.22,3.5837,,9.583,3.584,0.0053,-0.24235240300145,-0.0851910113167563,1.54021192504595,4.05012848967722,0.907816896569361,0.0472222222222222,1.86151434901032,1.28675595230459,1.57813938409222,4.34559372060808,12.3166772058222,1.97901744348936,0.411664517302234,0.710120142979694,1.11784642857143,2,3,1.0,20.7648907625233,0.0,2,1,0,0,-4.72957295503942
"O,O-diethyl {[diethoxy(sulfanylidene)-λ⁵-phosphanyl]oxy}phosphonothioate",dithione,"Sulfo-TEPP; Sulpho-TEPP; TEDP; asymmetric tetraethyl dithiopyrophosphate; bayer-E 393; bladafum; caswell no. 837; dithiodiphosphoric acid, tetraethyl ester; dithiofos; dithion; dithione; dithiophos; dithiopyrophosphate de tetraethyle; dithiotep; epa pesticide chemical code 079501; ethyl thiopyrophosphate ((eto)2(PS)2O); fulex; lethalaire G-57; pirofos; plant dithio aerosol; plantfume 103 smoke generator; rcra waste number P109; sulfotep; sulfotepp; tedtp; tetpp; tetraethyl dithiopyrophosphate (substance); tetraethyl ester (8CI) thiopyrophosphoric acid (((HO)2PS)2O); tetraethyl ester (9CI) thiodiphosphoric acid (((HO)2P(S))2O); tetraethyl ester dithiodiphosphoric acid; tetraethyl ester thiodiphosphoric acid; tetraethyldithiodifosfat; tetraethyldithiopyrophosphate; thiodiphosphoric acid (((HO)2P(S))2O), tetraethyl ester (9CI); thiodiphosphoric acid tetraethyl ester; thiodiphosphoric acid, tetraethyl ester; thiopyrophosphoric acid (((HO)2PS)2O), tetraethyl ester (8CI); thiotepp",red,CCOP(=S)(OCC)OP(=S)(OCC)OCC,"InChI=1S/C8H20O5P2S2/c1-5-9-14(16,10-6-2)13-15(17,11-7-3)12-8-4/h5-8H2,1-4H3",calculation-result-20240129-224724,322.31,C8H20O5P2S2,True,37,17,0,10,0,0,1.0,0,0,0,46.15,32.36,78.43,11.189,3.277,267.47,470.75,603.03,46.15,56.02,74.24,5.08,6.62,3.2769,,11.189,3.277,0.0597,-0.315170790581607,-0.113488631593264,1.44387263987854,4.45810222094757,1.25641288977585,0.0296296296296296,1.54366761035758,1.26766095679977,1.32849424623877,10.2788250793387,10.664393627603,1.80274519340776,0.346052659824532,0.406284328073431,1.13247567567568,0,0,0.833333333333333,30.5298936374401,0.0,0,0,1,1,-2.57812668240183
ethyl 2-{[dimethoxy(sulfanylidene)-λ⁵-phosphanyl]sulfanyl}-2-phenylacetate,elsan,"(+)-isomer phenthoate; (+)-phenthoate; (+-)-isomer phenthoate; (+-)-phenthoate; (-)-isomer phenthoate; (-)-phenthoate; caswell no. 427B; cidemul; cidial; cidial ulv; cidiale; dimefenthoat; dimephenthioate; dimephenthoate; elsan; elsan ulv; epa pesticide chemical code 104901; fenthoate; montecatini L-561; papthion; phendal; phenthoate; phenthoate 50 EC; phenthoate, (+)-; phenthoate, (+)-isomer; phenthoate, (+-)-; phenthoate, (+-)-isomer; phenthoate, (-)-; phenthoate, (-)-isomer; tagson; tanone; tsidial",red,CCOC(=O)C(SP(=S)(OC)OC)C1=CC=CC=C1,"InChI=1/C12H17O4PS2/c1-4-16-12(13)11(10-8-6-5-7-9-10)19-17(18,14-2)15-3/h5-9,11H,4H2,1-3H3",calculation-result-20240129-225031,320.36,C12H17O4PS2,True,36,19,1,8,1,1,0.42,0,1,0,44.76,33.33,82.49,11.342,3.364,269.86,439.99,562.5,44.76,57.23,80.2,6.06,6.6,3.3641,,11.342,3.364,0.0402,-0.152282642141646,-0.0154978009998498,1.01140086774213,4.46702416093501,1.00600855374519,0.0442735042735043,1.75143962814719,1.30417231160534,1.48494821467074,4.49505839683891,12.2321237069745,1.76696893727816,0.341778446841145,0.622609875933445,1.11494722222222,1,0,1.0,13.8432605083488,0.0,0,0,1,1,-2.85285201884484
"7-chlorobicyclo[3.2.0]hepta-2,6-dien-6-yl dimethyl phosphate",heptenophos,C9H12ClO4P; caswell no. 721C; epa pesticide chemical code 215600; heptenophos; hostaquick; hostavik; ragadan,red,COP(=O)(OC)OC1=C(Cl)C2C=CCC12,"InChI=1/C9H12ClO4P/c1-12-15(11,13-2)14-9-7-5-3-4-6(7)8(9)10/h3-4,6-7H,5H2,1-2H3",calculation-result-20240129-224834,250.61,C9H12ClO4P,True,27,15,2,4,2,0,0.56,0,1,0,44.76,22.72,59.13,10.294,1.121,193.67,302.14,384.86,44.76,41.99,56.75,4.31,4.94,1.1214,,10.294,1.121,2.0258,-0.239621680332906,-0.0540138283205137,1.66986130811999,3.90478641354429,1.04744986334886,0.0550694444444445,1.88947645996247,1.24745548947303,1.48575617861249,3.10662613409838,12.2057182592405,1.80863287173255,0.380373430687819,0.678932459611537,1.12635925925926,3,1,1.0,20.7648907625233,0.0,0,1,0,0,-3.1451317912065
"O,O-diethyl O-5-phenyl-1,2-oxazol-3-yl phosphorothioate",isoxathion,isoxathion; karphos,red,CCOP(=S)(OCC)OC1=NOC(=C1)C1=CC=CC=C1,"InChI=1S/C13H16NO4PS/c1-3-15-19(20,16-4-2)18-13-10-12(17-14-13)11-8-6-5-7-9-11/h5-10H,3-4H2,1-2H3",calculation-result-20240129-223437,313.31,C13H16NO4PS,True,36,20,0,7,2,2,0.31,0,1,0,53.72,33.38,82.13,9.24,3.901,262.11,436.07,589.08,53.72,43.11,89.83,4.6,8.12,3.9015,0.0,9.24,3.901,0.0031,-0.102080602362813,-0.0470154461861653,1.25738071660896,4.1184972707165,1.0036550310964,0.023559670781893,1.6504346822644,1.2854941806278,1.49584676285524,2.91612399271693,10.9381197660194,1.8336551032247,0.354677312091208,0.622609875933445,1.11947777777778,0,0,1.0,13.8432605083488,19.5965967401324,0,0,1,1,-3.8441587126893
propan-2-yl 2-({ethoxy[(propan-2-yl)amino]sulfanylidene-λ⁵-phosphanyl}oxy)benzoate,LE-mat,LE-mat; amaze; caswell no. 447AB; discus; epa pesticide chemical code 109401; isofenphos; isophenphos; oftanol; pyrfon,red,CCOP(=S)(NC(C)C)OC1=CC=CC=C1C(=O)OC(C)C,"InChI=1/C15H24NO4PS/c1-6-18-21(22,16-11(2)3)20-14-10-8-7-9-13(14)15(17)19-12(4)5/h7-12H,6H2,1-5H3,(H,16,22)",calculation-result-20240129-225024,345.39,C15H24NO4PS,True,46,22,1,9,1,1,0.53,1,1,0,56.79,36.83,92.93,9.888,3.839,314.21,532.07,639.01,56.79,60.23,89.65,5.56,6.83,3.8378,-0.0043,9.888,3.839,11.6284773,-0.155601161955556,-0.0433196420555996,1.30452234466073,4.63573055406789,1.14870990903143,0.0326349206349206,1.6644894810896,1.2586524312977,1.38240512443484,4.20336966775148,12.2429188952448,1.68350850059102,0.304786750648271,0.573683005673212,1.12960869565217,1,0,1.0,6.92163025417442,13.3400966811261,1,0,1,1,-4.00193001512721
"O,O-diethyl {[(6-chloro-2-oxo-2,3-dihydro-1,3-benzoxazol-3-yl)methyl]sulfanyl}phosphonothioate",phosalone,C12H15ClNO4PS2; azofene; benzophosphate; benzphos; caswell no. 660A; chipman 11974; epa pesticide chemical code 097701; fosalon; fozalon; fozalone; niagara 9241; phoazlone; phosalon; phosalone; phosalone (substance); phosalone 35 EC; phozalon; phozalone; rhodia RP 11974; rubitox; zolone; zolone DT; zolone PM,red,CCOP(=S)(OCC)SCN1C(=O)OC2=CC(Cl)=CC=C12,"InChI=1S/C12H15ClNO4PS2/c1-3-16-19(20,17-4-2)21-8-14-10-6-5-9(13)7-11(10)18-12(14)15/h5-7H,3-4,8H2,1-2H3",calculation-result-20240129-225607,367.8,C12H15ClNO4PS2,True,36,21,0,7,2,2,0.42,0,2,0,48.0,35.64,89.24,11.693,3.745,283.67,459.6,595.88,48.0,46.1,95.41,4.78,8.07,3.7455,,11.693,3.745,0.0076,-0.163846448575879,-0.0250471391441405,0.959333932974605,4.31699042024088,0.911079949653749,0.0333333333333333,1.74292384398104,1.30300482854029,1.499428242755,3.27728780810013,12.2804362301075,2.0692886419206,0.400255060052768,0.685524532127576,1.1157,1,1,1.0,13.8432605083488,3.12431389399505,3,0,1,1,-2.86998004678586
O-2-tert-butylpyrimidin-5-yl O-ethyl O-propan-2-yl phosphorothioate,phostebupirim,phostebupirim; tebupirimfos; tebupirimphos,red,CCOP(=S)(OC(C)C)OC1=CN=C(N=C1)C(C)(C)C,"InChI=1/C13H23N2O3PS/c1-7-16-19(20,17-10(2)3)18-11-8-14-12(15-9-11)13(4,5)6/h8-10H,7H2,1-6H3",calculation-result-20240129-224739,318.37,C13H23N2O3PS,True,43,20,1,7,1,1,0.69,0,2,0,53.47,33.79,84.77,9.157,4.365,291.47,507.16,608.56,53.47,48.75,89.39,4.8,7.43,4.3654,0.0,9.157,4.365,0.392321277,-0.188663216290113,-0.0823745997192488,1.39651709125274,4.37656983337769,1.22039850058247,0.0336507936507937,1.51939346418338,1.26123426612958,1.35522646069397,4.07502614176622,10.7446393000246,1.73085710755538,0.318977636698525,0.50392685792904,1.13571395348837,0,0,1.0,13.8432605083488,33.5710590962605,1,0,1,1,-3.07599048796983
4-bromo-2-chlorophenyl ethyl (propylsulfanyl)phosphonate,profenofos,C11H15BrClO3PS; caswell no. 266AA; curacron; epa pesticide chemical code 111401; polycron; profenofos; selecron,red,CCCSP(=O)(OCC)OC1=C(Cl)C=C(Br)C=C1,"InChI=1/C11H15BrClO3PS/c1-3-7-18-17(14,15-4-2)16-11-6-5-9(12)8-10(11)13/h5-6,8H,3-4,7H2,1-2H3",calculation-result-20240129-222921,373.63,C11H15BrClO3PS,True,33,18,1,7,1,1,0.45,0,1,0,35.53,32.15,80.82,7.977,4.876,263.31,432.27,618.19,35.53,46.34,78.59,4.46,7.47,4.8756,,7.977,4.876,0.0011,-0.202347847643775,-0.0135939549931947,1.10180787689613,4.15519399923629,0.923458114272371,0.0510144927536232,1.73809895017807,1.33949609433164,1.72199076913226,4.71994980019337,12.195560097962,1.97130338477356,0.390790913265173,0.672427699110414,1.11497878787879,1,1,1.0,6.92163025417442,0.0,3,1,1,1,-4.56679679738971
propan-2-yl (2E)-3-{[(ethylamino)(methoxy)sulfanylidene-λ⁵-phosphanyl]oxy}but-2-enoate,propetamphos,Tsar; blotic; caswell no. 706A; deadmag; epa pesticide chemical code 113601; propetamphos; safrotin S 200,red,CCNP(=S)(OC)O\C(C)=C\C(=O)OC(C)C,"InChI=1/C10H20NO4PS/c1-6-11-16(17,13-5)15-9(4)7-10(12)14-8(2)3/h7-8H,6H2,1-5H3,(H,11,17)/b9-7+",calculation-result-20240129-224919,281.31,C10H20NO4PS,True,37,17,1,8,0,0,0.7,1,1,0,56.79,28.91,73.55,15.206,1.787,252.62,429.21,525.27,56.79,49.62,74.25,4.83,5.99,1.7861,-0.0025,15.206,1.787,42.55352908,-0.178282624722456,-0.100528365850083,1.40829182677968,4.26635543782784,1.26370430123546,0.0254545454545455,1.67157001677406,1.23869882685228,1.32801452844517,6.40293518106643,12.2094016340624,1.75924139680136,0.337701726712542,0.585921499916366,1.13869189189189,2,0,1.0,13.8432605083488,13.3400966811261,0,0,1,1,-2.54594052746472
"O-2,4-dichlorophenyl O-ethyl (propylsulfanyl)phosphonothioate",prothiofos,bideron; caswell no. 714H; dichlorpropaphos; epa pesticide chemical code 128858; prothiofos; prothiophos; tokuthion; toyodan; toyothion; tukuthion,red,CCCSP(=S)(OCC)OC1=CC=C(Cl)C=C1Cl,"InChI=1/C11H15Cl2O2PS2/c1-3-7-18-16(17,14-4-2)15-11-6-5-9(12)8-10(11)13/h5-6,8H,3-4,7H2,1-2H3",calculation-result-20240129-225947,345.23,C11H15Cl2O2PS2,False,33,18,1,7,1,1,0.45,0,0,0,18.46,34.47,86.0,8.633,5.601,269.25,435.01,600.94,18.46,45.28,87.2,4.6,7.9,5.6008,,8.633,5.601,0.0002,-0.17382101450746,0.0045382258127174,0.896484503097,4.13386389937254,0.881764678564407,0.0510144927536232,1.62424058053746,1.35392952353819,1.51799750584786,4.68704674957614,10.7951908339368,1.93357270302094,0.383311188077201,0.64839862478671,1.10931212121212,0,2,1.0,6.92163025417442,0.0,3,0,1,1,-4.55097372901731
"O,O-diethyl O-6-oxo-1-phenyl-1,6-dihydropyridazin-3-yl phosphorothioate",pyridaphenthion,"american cyanamid 12,503; ofnack; ofnak; ofunack; pyridafenthion; pyridaphenthion; pyridiphenthion",red,CCOP(=S)(OCC)OC1=NN(C(=O)C=C1)C1=CC=CC=C1,"InChI=1S/C14H17N2O4PS/c1-3-18-21(22,19-4-2)20-13-10-11-14(17)16(15-13)12-8-6-5-7-9-12/h5-11H,3-4H2,1-2H3",calculation-result-20240129-224758,340.33,C14H17N2O4PS,True,39,22,0,7,2,2,0.29,0,2,0,60.36,34.8,89.17,10.72,3.193,284.78,451.91,591.01,60.36,51.69,94.51,5.18,7.4,3.1928,,10.72,3.193,0.0057,-0.148558286933866,-0.0604541609340371,1.27151614987319,4.37589363522131,1.01327774984902,0.0326388888888889,1.75443900918124,1.26991496149228,1.50615365477305,3.11660044305323,12.2775272705055,1.88053459809142,0.35579782204281,0.648376439743793,1.1230641025641,3,0,1.0,13.8432605083488,19.6647992151453,1,0,1,1,-3.91479134059672
"(1Z)-2-chloro-1-(2,4,5-trichlorophenyl)ethenyl dimethyl phosphate",rabon,(Z)-tetrachlorvinphos; C10H9cl4O4P; CVMP; ROL; appex; debantic; dietreen; dust M; gardcide; gardona; rabon; rabond; shell SD 8447; stirofos; stirophos; stitifos; tetrachlorvinfos; tetrachlorvinphos; tetrachlorvinphos (E-isomer); tetrachlorvinphos (substance); vinfos,red,COP(=O)(OC)O\C(=C/Cl)C1=CC(Cl)=C(Cl)C=C1Cl,"InChI=1S/C10H9Cl4O4P/c1-16-19(15,17-2)18-10(5-11)6-3-8(13)9(14)4-7(6)12/h3-5H,1-2H3/b10-5-",calculation-result-20240129-223338,365.95,C10H9Cl4O4P,True,28,19,0,5,1,1,0.2,0,1,0,44.76,30.66,76.69,9.45,4.188,253.73,386.74,486.47,44.76,47.31,78.54,4.71,6.21,4.1878,,9.45,4.188,0.0012,-0.244183416581117,-0.0847180968864616,1.49115917605831,4.06758938308218,0.854483014727084,0.0570940170940171,1.86694087731887,1.29725887514564,1.58019662328815,4.47306371936665,12.3575847300159,2.03061899484852,0.422398393247692,0.710120142979694,1.11584642857143,2,4,1.0,20.7648907625233,0.0,3,1,0,0,-5.18140630815922
O-ethyl O-4-nitrophenyl phenylphosphonothioate,santox,ESA; MAPJ; PIN; caswell no. 454; epa pesticide chemical code 041801; ethyl nitrophenyl benzene thiophosphonate; ethyl nitrophenyl benzene thiophosphonate (substance); kasutop dust; meidon 15 dust; santox; tsumaphos,red,CCOP(=S)(OC1=CC=C(C=C1)N(=O)=O)C1=CC=CC=C1,"InChI=1/C14H14NO4PS/c1-2-18-20(21,14-6-4-3-5-7-14)19-13-10-8-12(9-11-13)15(16)17/h3-11H,2H2,1H3",calculation-result-20240129-223404,323.3,C14H14NO4PS,True,35,21,1,6,2,2,0.14,0,2,0,64.28,33.48,86.05,10.532,4.646,264.49,433.83,546.0,64.28,46.52,81.81,4.81,7.61,4.6462,,10.532,4.646,0.0024,0.0591836533028917,0.0025366146959916,1.05403001875097,4.2419393513686,0.893420418662322,0.034176245210728,1.94150221050991,1.3029160775243,1.56133191497908,3.26712209170305,12.8570527590311,1.85482765072745,0.361615384567374,0.606359405861039,1.11102857142857,2,0,1.0,57.6685443324812,5.67005114095397,3,0,1,1,-4.27175487921889
"O,O-diethyl {[(tert-butylsulfanyl)methyl]sulfanyl}phosphonothioate",terbufos,caswell no. 131A; contraven; counter; epa pesticide chemical code 105001; terbufos,red,CCOP(=S)(OCC)SCSC(C)(C)C,"InChI=1S/C9H21O2PS3/c1-6-10-12(13,11-7-2)15-8-14-9(3,4)5/h6-8H2,1-5H3",calculation-result-20240129-223203,288.42,C9H21O2PS3,True,36,15,0,8,0,0,1.0,0,0,0,18.46,31.55,78.11,11.092,3.652,257.64,448.1,594.1,18.46,41.77,76.95,4.55,7.59,3.6522,,11.092,3.652,0.0048,-0.206133644009795,-0.0122660717984494,1.01202752916054,4.07155774754467,1.16370242886999,0.02,1.36720697046757,1.33161440766417,1.35620688829257,8.81795808977296,10.0520738446995,1.62762282384514,0.314825229261752,0.420535832387945,1.12415833333333,0,0,1.0,13.8432605083488,0.0,0,0,1,1,-3.18883694758036
"O,O-dimethyl {[2-(ethylsulfanyl)ethyl]sulfanyl}phosphonothioate",veltin,caswell no. 455B; dithiometasystox; dithiometon; ebicid; ekatim; ekatin; ekatin WF; ekatin WF ulv; ekatin aerosol; ekatin ulv; ekatine-25; epa pesticide chemical code 456300; intrathion; intration; luxistelm; thiometon; veltin,red,CCSCCSP(=S)(OC)OC,"InChI=1S/C6H15O2PS3/c1-4-11-5-6-12-9(10,7-2)8-3/h4-6H2,1-3H3",calculation-result-20240129-223324,246.34,C6H15O2PS3,True,27,12,0,7,0,0,1.0,0,0,0,18.46,26.02,64.62,13.087,2.315,206.51,348.95,503.44,18.46,34.36,68.6,3.9,7.54,2.3153,,13.087,2.315,0.163,-0.23687850628111,-0.0132399574353817,0.976178674550437,3.82721096260183,1.08902945117276,0.0266666666666667,1.44860237034692,1.35243712088659,1.37304900676727,7.46530529776397,10.0019116199221,1.75977559695539,0.370098261242709,0.475329360184509,1.11941111111111,0,0,1.0,13.8432605083488,0.0,0,0,1,1,-2.33547626987643
